[
    {
        "pk": 3, 
        "model": "auth.user", 
        "fields": {
            "username": "mc", 
            "first_name": "Michael", 
            "last_name": "Chiang", 
            "is_active": true, 
            "is_superuser": true, 
            "is_staff": true, 
            "last_login": "2012-02-09 04:07:35", 
            "groups": [], 
            "user_permissions": [], 
            "password": "sha1$3908e$cf5dcf596fb9711b8eed65355225fe3c9b240c0e", 
            "email": "michaelcutedoggy@hotmail.com", 
            "date_joined": "2012-02-09 04:07:26"
        }
    }, 
    {
        "pk": 5, 
        "model": "auth.user", 
        "fields": {
            "username": "meden", 
            "first_name": "Michael", 
            "last_name": "Eden", 
            "is_active": true, 
            "is_superuser": false, 
            "is_staff": false, 
            "last_login": "2012-02-10 00:49:26", 
            "groups": [], 
            "user_permissions": [], 
            "password": "sha1$1f94a$ad62f5862b49fe687e15c9f41b3bf492bb422680", 
            "email": "meden@uwaterloo.ca", 
            "date_joined": "2012-02-10 00:49:15"
        }
    }, 
    {
        "pk": 6, 
        "model": "auth.user", 
        "fields": {
            "username": "yli", 
            "first_name": "Yao", 
            "last_name": "Li", 
            "is_active": true, 
            "is_superuser": true, 
            "is_staff": true, 
            "last_login": "2012-02-10 01:13:29", 
            "groups": [], 
            "user_permissions": [], 
            "password": "sha1$e364d$cf14e938beaab821e6bdebb2198157cdc122cbe1", 
            "email": "yao68li@gmail.com", 
            "date_joined": "2012-02-10 01:13:18"
        }
    }, 
    {
        "pk": 7, 
        "model": "auth.user", 
        "fields": {
            "username": "sz", 
            "first_name": "Stefan", 
            "last_name": "Z", 
            "is_active": true, 
            "is_superuser": true, 
            "is_staff": true, 
            "last_login": "2012-02-10 13:21:05", 
            "groups": [], 
            "user_permissions": [], 
            "password": "sha1$788f2$7e01dcf313bf9387aee12bfb1e6c0cf5cf34641e", 
            "email": "yoda_sz@hotmail.com", 
            "date_joined": "2012-02-10 13:20:52"
        }
    }, 
    {
        "pk": 2, 
        "model": "auth.user", 
        "fields": {
            "username": "sli", 
            "first_name": "Sean", 
            "last_name": "Li", 
            "is_active": true, 
            "is_superuser": true, 
            "is_staff": true, 
            "last_login": "2012-02-10 18:04:48", 
            "groups": [], 
            "user_permissions": [], 
            "password": "sha1$f1753$aeafeb0bfbbd7bbbc079d7a3b53850f354100933", 
            "email": "s67li@uwaterloo.ca", 
            "date_joined": "2012-02-08 00:12:47"
        }
    }, 
    {
        "pk": "3300c82c959ceac17733d636cf96de26", 
        "model": "sessions.session", 
        "fields": {
            "expire_date": "2012-02-23 04:07:35", 
            "session_data": "Nzg2MTg2Y2M4NjM1MTMzZmIzOWRmNGNiZDkzOTVjODQ5MmI1YmIyMzqAAn1xAShVEl9hdXRoX3Vz\nZXJfYmFja2VuZHECVSlNaW5lcnZhLmFjY291bnQuYmFja2VuZHMuRW1haWxBdXRoQmFja2VuZHED\nVQ1fYXV0aF91c2VyX2lkcQRLA3Uu\n"
        }
    }, 
    {
        "pk": "824ba9f78e48785d43d88913db0f4be4", 
        "model": "sessions.session", 
        "fields": {
            "expire_date": "2012-02-24 13:21:05", 
            "session_data": "OWJiNTAyMmRlZjU4ZGNkMTZiY2YwOGIzNWJlNGM5NzZjNDRhZDI4OTqAAn1xAShVEl9hdXRoX3Vz\nZXJfYmFja2VuZHECVSlNaW5lcnZhLmFjY291bnQuYmFja2VuZHMuRW1haWxBdXRoQmFja2VuZHED\nVQ1fYXV0aF91c2VyX2lkcQRLB3Uu\n"
        }
    }, 
    {
        "pk": "da25a870768f3d260ea96cc99f936dc3", 
        "model": "sessions.session", 
        "fields": {
            "expire_date": "2012-02-22 00:23:39", 
            "session_data": "NTQ0ZmYzN2JiYmMwMzEwMmUwMDdiNTE4NzEzMzAxN2IyYTU1ODI3MDqAAn1xAShVEl9hdXRoX3Vz\nZXJfYmFja2VuZHECVSlNaW5lcnZhLmFjY291bnQuYmFja2VuZHMuRW1haWxBdXRoQmFja2VuZHED\nVQ1fYXV0aF91c2VyX2lkcQRLAnUu\n"
        }
    }, 
    {
        "pk": "1bcf286580dfc4fd34c0b95bddd5aa81", 
        "model": "sessions.session", 
        "fields": {
            "expire_date": "2012-02-22 00:09:17", 
            "session_data": "ZjVkMDhjZDE5MzY2NTlmY2UyZWY5OTQwMGQ2YjFhZjdhYWQxODUwMjqAAn1xAShVEl9hdXRoX3Vz\nZXJfYmFja2VuZHECVSlNaW5lcnZhLmFjY291bnQuYmFja2VuZHMuRW1haWxBdXRoQmFja2VuZHED\nVQ1fYXV0aF91c2VyX2lkcQRLAXUu\n"
        }
    }, 
    {
        "pk": "1626243a9d6c354d085304db91783a0b", 
        "model": "sessions.session", 
        "fields": {
            "expire_date": "2012-02-22 00:32:37", 
            "session_data": "ZWQyMzcwY2Q1M2Q1MWNiYTUxMjNlNTBjMzIwNGI5MmMzMzMzNWQ5NzqAAn1xAS4=\n"
        }
    }, 
    {
        "pk": "e5e554e79713016d339fb9f521bdc4ce", 
        "model": "sessions.session", 
        "fields": {
            "expire_date": "2012-02-24 18:06:11", 
            "session_data": "ZWQyMzcwY2Q1M2Q1MWNiYTUxMjNlNTBjMzIwNGI5MmMzMzMzNWQ5NzqAAn1xAS4=\n"
        }
    }, 
    {
        "pk": "7d5984875ac289043654d715ffc5d4f1", 
        "model": "sessions.session", 
        "fields": {
            "expire_date": "2012-02-24 19:13:07", 
            "session_data": "ZWQyMzcwY2Q1M2Q1MWNiYTUxMjNlNTBjMzIwNGI5MmMzMzMzNWQ5NzqAAn1xAS4=\n"
        }
    }, 
    {
        "pk": "25889993471f19b6ae9ba143736fe1ae", 
        "model": "sessions.session", 
        "fields": {
            "expire_date": "2012-02-22 15:00:34", 
            "session_data": "NTQ0ZmYzN2JiYmMwMzEwMmUwMDdiNTE4NzEzMzAxN2IyYTU1ODI3MDqAAn1xAShVEl9hdXRoX3Vz\nZXJfYmFja2VuZHECVSlNaW5lcnZhLmFjY291bnQuYmFja2VuZHMuRW1haWxBdXRoQmFja2VuZHED\nVQ1fYXV0aF91c2VyX2lkcQRLAnUu\n"
        }
    }, 
    {
        "pk": "87ad364097d3361616de26be45efff0a", 
        "model": "sessions.session", 
        "fields": {
            "expire_date": "2012-02-23 04:09:05", 
            "session_data": "NjUwMTY0MjlmZDRiN2E4YTc3ZmFmYTdhMjVkZTBkNDA5MGJmOWFkNzqAAn1xAVUKdGVzdGNvb2tp\nZXECVQZ3b3JrZWRxA3Mu\n"
        }
    }, 
    {
        "pk": "17985ce2d2a21cb731f401e84d508ff1", 
        "model": "sessions.session", 
        "fields": {
            "expire_date": "2012-02-22 21:55:35", 
            "session_data": "NTQ0ZmYzN2JiYmMwMzEwMmUwMDdiNTE4NzEzMzAxN2IyYTU1ODI3MDqAAn1xAShVEl9hdXRoX3Vz\nZXJfYmFja2VuZHECVSlNaW5lcnZhLmFjY291bnQuYmFja2VuZHMuRW1haWxBdXRoQmFja2VuZHED\nVQ1fYXV0aF91c2VyX2lkcQRLAnUu\n"
        }
    }, 
    {
        "pk": "3f35b75252c0f178bffd3837441a7818", 
        "model": "sessions.session", 
        "fields": {
            "expire_date": "2012-02-23 04:12:13", 
            "session_data": "NjUwMTY0MjlmZDRiN2E4YTc3ZmFmYTdhMjVkZTBkNDA5MGJmOWFkNzqAAn1xAVUKdGVzdGNvb2tp\nZXECVQZ3b3JrZWRxA3Mu\n"
        }
    }, 
    {
        "pk": "2ed6c0f0561e7816aac170c483e1a516", 
        "model": "sessions.session", 
        "fields": {
            "expire_date": "2012-02-24 01:10:40", 
            "session_data": "NTQ0ZmYzN2JiYmMwMzEwMmUwMDdiNTE4NzEzMzAxN2IyYTU1ODI3MDqAAn1xAShVEl9hdXRoX3Vz\nZXJfYmFja2VuZHECVSlNaW5lcnZhLmFjY291bnQuYmFja2VuZHMuRW1haWxBdXRoQmFja2VuZHED\nVQ1fYXV0aF91c2VyX2lkcQRLAnUu\n"
        }
    }, 
    {
        "pk": "2615c4d9f251ebd71705765d438f94ae", 
        "model": "sessions.session", 
        "fields": {
            "expire_date": "2012-02-24 01:13:29", 
            "session_data": "Nzc2ZWU1ZjhkNjYzNTdhODk0MzBkNjRiNzhmMDJkZjE2ZTcxOTQ5NjqAAn1xAShVEl9hdXRoX3Vz\nZXJfYmFja2VuZHECVSlNaW5lcnZhLmFjY291bnQuYmFja2VuZHMuRW1haWxBdXRoQmFja2VuZHED\nVQ1fYXV0aF91c2VyX2lkcQRLBnUu\n"
        }
    }, 
    {
        "pk": 1, 
        "model": "sites.site", 
        "fields": {
            "domain": "www.mynodo.com", 
            "name": "Mynodo"
        }
    }, 
    {
        "pk": 1, 
        "model": "south.migrationhistory", 
        "fields": {
            "applied": "2012-02-08 05:06:46", 
            "app_name": "core", 
            "migration": "0001_initial"
        }
    }, 
    {
        "pk": 2, 
        "model": "south.migrationhistory", 
        "fields": {
            "applied": "2012-02-08 05:06:47", 
            "app_name": "core", 
            "migration": "0002_auto__add_feedback"
        }
    }, 
    {
        "pk": 3, 
        "model": "south.migrationhistory", 
        "fields": {
            "applied": "2012-02-08 05:06:47", 
            "app_name": "core", 
            "migration": "0003_auto__add_field_section_first_day__add_field_section_last_day__add_fie"
        }
    }, 
    {
        "pk": 4, 
        "model": "south.migrationhistory", 
        "fields": {
            "applied": "2012-02-08 05:06:47", 
            "app_name": "core", 
            "migration": "0004_auto__del_field_section_on_thurs__del_field_section_on_sat__del_field_"
        }
    }, 
    {
        "pk": 5, 
        "model": "south.migrationhistory", 
        "fields": {
            "applied": "2012-02-08 05:06:47", 
            "app_name": "core", 
            "migration": "0005_auto__chg_field_profile_degree"
        }
    }, 
    {
        "pk": 6, 
        "model": "south.migrationhistory", 
        "fields": {
            "applied": "2012-02-08 05:06:47", 
            "app_name": "core", 
            "migration": "0006_auto__add_field_badge_req_exp__chg_field_badge_next_exp__add_field_bad"
        }
    }, 
    {
        "pk": 7, 
        "model": "south.migrationhistory", 
        "fields": {
            "applied": "2012-02-08 21:29:10", 
            "app_name": "core", 
            "migration": "0007_auto__del_faculty__del_facultyassign__del_unique_facultyassign_profile"
        }
    }, 
    {
        "pk": 8, 
        "model": "south.migrationhistory", 
        "fields": {
            "applied": "2012-02-08 21:29:10", 
            "app_name": "core", 
            "migration": "0008_auto__add_skill__add_skillassign__add_unique_skillassign_profile_skill"
        }
    }, 
    {
        "pk": 9, 
        "model": "south.migrationhistory", 
        "fields": {
            "applied": "2012-02-09 07:12:49", 
            "app_name": "core", 
            "migration": "0009_auto__chg_field_profile_degree"
        }
    }, 
    {
        "pk": 10, 
        "model": "south.migrationhistory", 
        "fields": {
            "applied": "2012-02-09 07:12:49", 
            "app_name": "core", 
            "migration": "0010_auto__del_unique_course_institute_abbrev_name__add_unique_course_insti"
        }
    }, 
    {
        "pk": 11, 
        "model": "south.migrationhistory", 
        "fields": {
            "applied": "2012-02-10 06:47:15", 
            "app_name": "core", 
            "migration": "0011_auto__chg_field_course_abbrev__chg_field_provincestate_abbrev"
        }
    }, 
    {
        "pk": 12, 
        "model": "south.migrationhistory", 
        "fields": {
            "applied": "2012-02-11 00:44:33", 
            "app_name": "core", 
            "migration": "0012_auto__add_unique_section_course_instructor_first_day_last_day"
        }
    }, 
    {
        "pk": 1, 
        "model": "core.country", 
        "fields": {
            "name": "Canada"
        }
    }, 
    {
        "pk": 2, 
        "model": "core.country", 
        "fields": {
            "name": "United States"
        }
    }, 
    {
        "pk": 1, 
        "model": "core.provincestate", 
        "fields": {
            "country": 1, 
            "abbrev": "ON", 
            "name": "Ontario"
        }
    }, 
    {
        "pk": 2, 
        "model": "core.provincestate", 
        "fields": {
            "country": 1, 
            "abbrev": "AB", 
            "name": "Alberta"
        }
    }, 
    {
        "pk": 3, 
        "model": "core.provincestate", 
        "fields": {
            "country": 1, 
            "abbrev": "BC", 
            "name": "British Columbia"
        }
    }, 
    {
        "pk": 4, 
        "model": "core.provincestate", 
        "fields": {
            "country": 1, 
            "abbrev": "MB", 
            "name": "Manitoba"
        }
    }, 
    {
        "pk": 5, 
        "model": "core.provincestate", 
        "fields": {
            "country": 1, 
            "abbrev": "NB", 
            "name": "New Brunswick"
        }
    }, 
    {
        "pk": 6, 
        "model": "core.provincestate", 
        "fields": {
            "country": 1, 
            "abbrev": "NL", 
            "name": "Newfoundland and Labrador"
        }
    }, 
    {
        "pk": 7, 
        "model": "core.provincestate", 
        "fields": {
            "country": 1, 
            "abbrev": "NT", 
            "name": "Northwest Territories"
        }
    }, 
    {
        "pk": 8, 
        "model": "core.provincestate", 
        "fields": {
            "country": 1, 
            "abbrev": "NS", 
            "name": "Nova Scotia"
        }
    }, 
    {
        "pk": 9, 
        "model": "core.provincestate", 
        "fields": {
            "country": 1, 
            "abbrev": "NU", 
            "name": "Nunavut"
        }
    }, 
    {
        "pk": 10, 
        "model": "core.provincestate", 
        "fields": {
            "country": 1, 
            "abbrev": "PE", 
            "name": "Prince Edward Island"
        }
    }, 
    {
        "pk": 11, 
        "model": "core.provincestate", 
        "fields": {
            "country": 1, 
            "abbrev": "QC", 
            "name": "Quebec"
        }
    }, 
    {
        "pk": 12, 
        "model": "core.provincestate", 
        "fields": {
            "country": 1, 
            "abbrev": "SK", 
            "name": "Saskachewan"
        }
    }, 
    {
        "pk": 13, 
        "model": "core.provincestate", 
        "fields": {
            "country": 1, 
            "abbrev": "YT", 
            "name": "Yukon"
        }
    }, 
    {
        "pk": 1, 
        "model": "core.institute", 
        "fields": {
            "category": "U", 
            "city": "Waterloo", 
            "description": "", 
            "province_state": 1, 
            "address": "200 University Ave. W.", 
            "name": "University of Waterloo"
        }
    }, 
    {
        "pk": 2, 
        "model": "core.institute", 
        "fields": {
            "category": "U", 
            "city": "Vancouver", 
            "description": "", 
            "province_state": 3, 
            "address": "2329 West Mall", 
            "name": "University of British Columbia"
        }
    }, 
    {
        "pk": 3, 
        "model": "core.institute", 
        "fields": {
            "category": "U", 
            "city": "Vancouver", 
            "description": "", 
            "province_state": 3, 
            "address": "515 West Hastings Street", 
            "name": "Simon Fraser University"
        }
    }, 
    {
        "pk": 4, 
        "model": "core.institute", 
        "fields": {
            "category": "U", 
            "city": "Toronto", 
            "description": "", 
            "province_state": 1, 
            "address": "27 King's College Circle", 
            "name": "University of Toronto"
        }
    }, 
    {
        "pk": 2, 
        "model": "core.profile", 
        "fields": {
            "middle_name": "", 
            "degree": "UG", 
            "institute": 1, 
            "tagline": "", 
            "influence": 0, 
            "birthday": "1990-10-06", 
            "role": "S", 
            "user": 2
        }
    }, 
    {
        "pk": 3, 
        "model": "core.profile", 
        "fields": {
            "middle_name": "", 
            "degree": "DC", 
            "institute": 1, 
            "tagline": "Super Hero Zero ", 
            "influence": 0, 
            "birthday": "2012-02-09", 
            "role": "S", 
            "user": 3
        }
    }, 
    {
        "pk": 5, 
        "model": "core.profile", 
        "fields": {
            "middle_name": null, 
            "degree": null, 
            "institute": 1, 
            "tagline": null, 
            "influence": 0, 
            "birthday": null, 
            "role": "I", 
            "user": 5
        }
    }, 
    {
        "pk": 6, 
        "model": "core.profile", 
        "fields": {
            "middle_name": null, 
            "degree": null, 
            "institute": 1, 
            "tagline": null, 
            "influence": 0, 
            "birthday": null, 
            "role": "S", 
            "user": 6
        }
    }, 
    {
        "pk": 7, 
        "model": "core.profile", 
        "fields": {
            "middle_name": null, 
            "degree": null, 
            "institute": 1, 
            "tagline": null, 
            "influence": 0, 
            "birthday": null, 
            "role": "S", 
            "user": 7
        }
    }, 
    {
        "pk": 1, 
        "model": "core.specialization", 
        "fields": {
            "name": "Software Engineering"
        }
    }, 
    {
        "pk": 2, 
        "model": "core.specialization", 
        "fields": {
            "name": "Computer Science"
        }
    }, 
    {
        "pk": 1, 
        "model": "core.specializationassign", 
        "fields": {
            "profile": 2, 
            "specialization": 1
        }
    }, 
    {
        "pk": 2, 
        "model": "core.specializationassign", 
        "fields": {
            "profile": 2, 
            "specialization": 2
        }
    }, 
    {
        "pk": 1, 
        "model": "core.skill", 
        "fields": {
            "name": "Django"
        }
    }, 
    {
        "pk": 2, 
        "model": "core.skill", 
        "fields": {
            "name": "Python"
        }
    }, 
    {
        "pk": 3, 
        "model": "core.skill", 
        "fields": {
            "name": "PHP"
        }
    }, 
    {
        "pk": 4, 
        "model": "core.skill", 
        "fields": {
            "name": "Hardware"
        }
    }, 
    {
        "pk": 1, 
        "model": "core.skillassign", 
        "fields": {
            "profile": 2, 
            "skill": 1
        }
    }, 
    {
        "pk": 2, 
        "model": "core.skillassign", 
        "fields": {
            "profile": 2, 
            "skill": 2
        }
    }, 
    {
        "pk": 3, 
        "model": "core.skillassign", 
        "fields": {
            "profile": 2, 
            "skill": 3
        }
    }, 
    {
        "pk": 4, 
        "model": "core.skillassign", 
        "fields": {
            "profile": 3, 
            "skill": 4
        }
    }, 
    {
        "pk": 1, 
        "model": "core.badge", 
        "fields": {
            "next_lvl": null, 
            "req_exp": 10, 
            "prev_lvl": null, 
            "next_exp": 0, 
            "label": "True Identity"
        }
    }, 
    {
        "pk": 1, 
        "model": "core.badgeassign", 
        "fields": {
            "profile": 2, 
            "obtained": true, 
            "badge": 1, 
            "exp": 0
        }
    }, 
    {
        "pk": 2, 
        "model": "core.badgeassign", 
        "fields": {
            "profile": 3, 
            "obtained": true, 
            "badge": 1, 
            "exp": 0
        }
    }, 
    {
        "pk": 3, 
        "model": "core.course", 
        "fields": {
            "institute": 1, 
            "difficulty": null, 
            "abbrev": "CS 454", 
            "name": "Distributed Systems", 
            "description": null
        }
    }, 
    {
        "pk": 4, 
        "model": "core.course", 
        "fields": {
            "institute": 1, 
            "difficulty": null, 
            "abbrev": "ECE 358", 
            "name": "Computer Networks", 
            "description": null
        }
    }, 
    {
        "pk": 5, 
        "model": "core.course", 
        "fields": {
            "institute": 1, 
            "difficulty": null, 
            "abbrev": "SE 464", 
            "name": "Software Design & Architectures", 
            "description": null
        }
    }, 
    {
        "pk": 6, 
        "model": "core.course", 
        "fields": {
            "institute": 1, 
            "difficulty": null, 
            "abbrev": "SPCOM 223", 
            "name": "Public Speaking", 
            "description": null
        }
    }, 
    {
        "pk": 7, 
        "model": "core.course", 
        "fields": {
            "institute": 1, 
            "difficulty": null, 
            "abbrev": "CS 343", 
            "name": "Concurrent & Parallel Programming", 
            "description": ""
        }
    }, 
    {
        "pk": 8, 
        "model": "core.course", 
        "fields": {
            "institute": 1, 
            "difficulty": null, 
            "abbrev": "CS 348", 
            "name": "Introduction to Database Management", 
            "description": ""
        }
    }, 
    {
        "pk": 9, 
        "model": "core.course", 
        "fields": {
            "institute": 1, 
            "difficulty": null, 
            "abbrev": "CS 486", 
            "name": "Introduction to Artificial Intelligence", 
            "description": ""
        }
    }, 
    {
        "pk": 10, 
        "model": "core.course", 
        "fields": {
            "institute": 1, 
            "difficulty": null, 
            "abbrev": "PSYCH 101", 
            "name": "Introductory Psychology", 
            "description": ""
        }
    }, 
    {
        "pk": 11, 
        "model": "core.course", 
        "fields": {
            "institute": 1, 
            "difficulty": null, 
            "abbrev": "SE 463", 
            "name": "Software Requirements Specification & Analysis", 
            "description": ""
        }
    }, 
    {
        "pk": 13, 
        "model": "core.course", 
        "fields": {
            "institute": 1, 
            "difficulty": null, 
            "abbrev": "CS 341", 
            "name": "Algorithms", 
            "description": ""
        }
    }, 
    {
        "pk": 14, 
        "model": "core.course", 
        "fields": {
            "institute": 1, 
            "difficulty": null, 
            "abbrev": "SE 350", 
            "name": "Operating Systems", 
            "description": ""
        }
    }, 
    {
        "pk": 15, 
        "model": "core.course", 
        "fields": {
            "institute": 1, 
            "difficulty": null, 
            "abbrev": "SE 380", 
            "name": "Introduction to Feedback Control", 
            "description": ""
        }
    }, 
    {
        "pk": 16, 
        "model": "core.course", 
        "fields": {
            "institute": 1, 
            "difficulty": null, 
            "abbrev": "SE 382", 
            "name": "Human-Computer Interaction", 
            "description": ""
        }
    }, 
    {
        "pk": 17, 
        "model": "core.course", 
        "fields": {
            "institute": 1, 
            "difficulty": null, 
            "abbrev": "STV 205", 
            "name": "Cybernetics & Society", 
            "description": ""
        }
    }, 
    {
        "pk": 18, 
        "model": "core.course", 
        "fields": {
            "institute": 1, 
            "difficulty": null, 
            "abbrev": "BIOL 139", 
            "name": "Genetics", 
            "description": ""
        }
    }, 
    {
        "pk": 19, 
        "model": "core.course", 
        "fields": {
            "institute": 1, 
            "difficulty": null, 
            "abbrev": "CS 240", 
            "name": "Data Structures & Data Management", 
            "description": ""
        }
    }, 
    {
        "pk": 20, 
        "model": "core.course", 
        "fields": {
            "institute": 1, 
            "difficulty": null, 
            "abbrev": "CS 246", 
            "name": "Software Abstraction & Specification", 
            "description": ""
        }
    }, 
    {
        "pk": 21, 
        "model": "core.course", 
        "fields": {
            "institute": 1, 
            "difficulty": null, 
            "abbrev": "MATH 213", 
            "name": "Advanced Mathematics for Software Engineers", 
            "description": ""
        }
    }, 
    {
        "pk": 22, 
        "model": "core.course", 
        "fields": {
            "institute": 1, 
            "difficulty": null, 
            "abbrev": "MATH 239", 
            "name": "Introduction to Combinatorics", 
            "description": ""
        }
    }, 
    {
        "pk": 23, 
        "model": "core.course", 
        "fields": {
            "institute": 1, 
            "difficulty": null, 
            "abbrev": "CS 241", 
            "name": "Foundations of Sequential Programs", 
            "description": ""
        }
    }, 
    {
        "pk": 24, 
        "model": "core.course", 
        "fields": {
            "institute": 1, 
            "difficulty": null, 
            "abbrev": "ECE 126", 
            "name": "Introduction to Electrostatics, Magnetism & Electronics", 
            "description": ""
        }
    }, 
    {
        "pk": 25, 
        "model": "core.course", 
        "fields": {
            "institute": 1, 
            "difficulty": null, 
            "abbrev": "ECE 222", 
            "name": "Digital Computers", 
            "description": ""
        }
    }, 
    {
        "pk": 26, 
        "model": "core.course", 
        "fields": {
            "institute": 1, 
            "difficulty": null, 
            "abbrev": "SE 112", 
            "name": "Logic & Computation", 
            "description": ""
        }
    }, 
    {
        "pk": 27, 
        "model": "core.course", 
        "fields": {
            "institute": 1, 
            "difficulty": null, 
            "abbrev": "STAT 206", 
            "name": "Statistics for Software Engineering", 
            "description": ""
        }
    }, 
    {
        "pk": 28, 
        "model": "core.course", 
        "fields": {
            "institute": 1, 
            "difficulty": null, 
            "abbrev": "CS 138", 
            "name": "Functional Programming & Data Abstraction", 
            "description": ""
        }
    }, 
    {
        "pk": 29, 
        "model": "core.course", 
        "fields": {
            "institute": 1, 
            "difficulty": null, 
            "abbrev": "ECON 102", 
            "name": "Introduction to Macroeconomics", 
            "description": ""
        }
    }, 
    {
        "pk": 30, 
        "model": "core.course", 
        "fields": {
            "institute": 1, 
            "difficulty": null, 
            "abbrev": "MATH 119", 
            "name": "Calculus 2 for Engineering", 
            "description": ""
        }
    }, 
    {
        "pk": 31, 
        "model": "core.course", 
        "fields": {
            "institute": 1, 
            "difficulty": null, 
            "abbrev": "MATH 135", 
            "name": "Algebra for Honours Mathematics", 
            "description": ""
        }
    }, 
    {
        "pk": 32, 
        "model": "core.course", 
        "fields": {
            "institute": 1, 
            "difficulty": null, 
            "abbrev": "MSCI 261", 
            "name": "Engineering Economics: Financial Management for Engineers", 
            "description": ""
        }
    }, 
    {
        "pk": 33, 
        "model": "core.course", 
        "fields": {
            "institute": 1, 
            "difficulty": null, 
            "abbrev": "SE 141", 
            "name": "Digital Circuits and Systems", 
            "description": ""
        }
    }, 
    {
        "pk": 34, 
        "model": "core.course", 
        "fields": {
            "institute": 1, 
            "difficulty": null, 
            "abbrev": "CHE 102", 
            "name": "Chemistry for Engineers", 
            "description": ""
        }
    }, 
    {
        "pk": 35, 
        "model": "core.course", 
        "fields": {
            "institute": 1, 
            "difficulty": null, 
            "abbrev": "CS 137", 
            "name": "Programming Principles", 
            "description": ""
        }
    }, 
    {
        "pk": 36, 
        "model": "core.course", 
        "fields": {
            "institute": 1, 
            "difficulty": null, 
            "abbrev": "MATH 115", 
            "name": "Linear Algebra for Engineering", 
            "description": ""
        }
    }, 
    {
        "pk": 37, 
        "model": "core.course", 
        "fields": {
            "institute": 1, 
            "difficulty": null, 
            "abbrev": "MATH 117", 
            "name": "Calculus 1 for Engineering", 
            "description": ""
        }
    }, 
    {
        "pk": 38, 
        "model": "core.course", 
        "fields": {
            "institute": 1, 
            "difficulty": null, 
            "abbrev": "PHYS 115", 
            "name": "Mechanics", 
            "description": ""
        }
    }, 
    {
        "pk": 39, 
        "model": "core.course", 
        "fields": {
            "institute": 1, 
            "difficulty": null, 
            "abbrev": "SE 101", 
            "name": "Introduction to Methods of Software Engineering", 
            "description": ""
        }
    }, 
    {
        "pk": 1, 
        "model": "core.section", 
        "fields": {
            "course": 3, 
            "instructor": 5, 
            "first_day": "2012-02-10", 
            "last_day": "2012-02-10"
        }
    }, 
    {
        "pk": 2, 
        "model": "core.section", 
        "fields": {
            "course": 39, 
            "instructor": 5, 
            "first_day": "2012-02-10", 
            "last_day": "2012-02-10"
        }
    }, 
    {
        "pk": 1, 
        "model": "core.sectionassign", 
        "fields": {
            "profile": 5, 
            "section": 1
        }
    }, 
    {
        "pk": 2, 
        "model": "core.sectionassign", 
        "fields": {
            "profile": 2, 
            "section": 2
        }
    }, 
    {
        "pk": 1, 
        "model": "core.encouragement", 
        "fields": {
            "person_to": 3, 
            "message": "dsgsdfgdf", 
            "person_from": 3, 
            "anonymous": false, 
            "sent_time": "2012-02-09 03:56:39"
        }
    }, 
    {
        "pk": 1, 
        "model": "core.feedback", 
        "fields": {
            "message": "gsdgsdgdsgf", 
            "instructor": 3, 
            "person_from": 3, 
            "anonymous": true, 
            "sent_time": "2012-02-09 03:56:39"
        }
    }, 
    {
        "pk": 89, 
        "model": "admin.logentry", 
        "fields": {
            "action_flag": 1, 
            "action_time": "2012-02-10 19:12:22", 
            "object_repr": "Introduction to Methods of Software Engineering (SE 101)", 
            "object_id": "39", 
            "change_message": "", 
            "user": 2, 
            "content_type": [
                "core", 
                "course"
            ]
        }
    }, 
    {
        "pk": 88, 
        "model": "admin.logentry", 
        "fields": {
            "action_flag": 1, 
            "action_time": "2012-02-10 19:12:05", 
            "object_repr": "Mechanics (PHYS 115)", 
            "object_id": "38", 
            "change_message": "", 
            "user": 2, 
            "content_type": [
                "core", 
                "course"
            ]
        }
    }, 
    {
        "pk": 87, 
        "model": "admin.logentry", 
        "fields": {
            "action_flag": 1, 
            "action_time": "2012-02-10 19:11:51", 
            "object_repr": "Calculus 1 for Engineering (MATH 117)", 
            "object_id": "37", 
            "change_message": "", 
            "user": 2, 
            "content_type": [
                "core", 
                "course"
            ]
        }
    }, 
    {
        "pk": 86, 
        "model": "admin.logentry", 
        "fields": {
            "action_flag": 1, 
            "action_time": "2012-02-10 19:11:39", 
            "object_repr": "Linear Algebra for Engineering (MATH 115)", 
            "object_id": "36", 
            "change_message": "", 
            "user": 2, 
            "content_type": [
                "core", 
                "course"
            ]
        }
    }, 
    {
        "pk": 85, 
        "model": "admin.logentry", 
        "fields": {
            "action_flag": 1, 
            "action_time": "2012-02-10 19:11:22", 
            "object_repr": "Programming Principles (CS 137)", 
            "object_id": "35", 
            "change_message": "", 
            "user": 2, 
            "content_type": [
                "core", 
                "course"
            ]
        }
    }, 
    {
        "pk": 84, 
        "model": "admin.logentry", 
        "fields": {
            "action_flag": 1, 
            "action_time": "2012-02-10 19:11:01", 
            "object_repr": "Chemistry for Engineers (CHE 102)", 
            "object_id": "34", 
            "change_message": "", 
            "user": 2, 
            "content_type": [
                "core", 
                "course"
            ]
        }
    }, 
    {
        "pk": 83, 
        "model": "admin.logentry", 
        "fields": {
            "action_flag": 1, 
            "action_time": "2012-02-10 19:10:28", 
            "object_repr": "Digital Circuits and Systems (SE 141)", 
            "object_id": "33", 
            "change_message": "", 
            "user": 2, 
            "content_type": [
                "core", 
                "course"
            ]
        }
    }, 
    {
        "pk": 82, 
        "model": "admin.logentry", 
        "fields": {
            "action_flag": 1, 
            "action_time": "2012-02-10 19:10:17", 
            "object_repr": "Engineering Economics: Financial Management for Engineers (MSCI 261)", 
            "object_id": "32", 
            "change_message": "", 
            "user": 2, 
            "content_type": [
                "core", 
                "course"
            ]
        }
    }, 
    {
        "pk": 81, 
        "model": "admin.logentry", 
        "fields": {
            "action_flag": 1, 
            "action_time": "2012-02-10 19:08:46", 
            "object_repr": "Algebra for Honours Mathematics (MATH 135)", 
            "object_id": "31", 
            "change_message": "", 
            "user": 2, 
            "content_type": [
                "core", 
                "course"
            ]
        }
    }, 
    {
        "pk": 80, 
        "model": "admin.logentry", 
        "fields": {
            "action_flag": 1, 
            "action_time": "2012-02-10 19:07:58", 
            "object_repr": "Calculus 2 for Engineering (MATH 119)", 
            "object_id": "30", 
            "change_message": "", 
            "user": 2, 
            "content_type": [
                "core", 
                "course"
            ]
        }
    }, 
    {
        "pk": 79, 
        "model": "admin.logentry", 
        "fields": {
            "action_flag": 1, 
            "action_time": "2012-02-10 19:03:21", 
            "object_repr": "Introduction to Macroeconomics (ECON 102)", 
            "object_id": "29", 
            "change_message": "", 
            "user": 2, 
            "content_type": [
                "core", 
                "course"
            ]
        }
    }, 
    {
        "pk": 78, 
        "model": "admin.logentry", 
        "fields": {
            "action_flag": 1, 
            "action_time": "2012-02-10 19:01:06", 
            "object_repr": "Functional Programming & Data Abstraction (CS 138)", 
            "object_id": "28", 
            "change_message": "", 
            "user": 2, 
            "content_type": [
                "core", 
                "course"
            ]
        }
    }, 
    {
        "pk": 77, 
        "model": "admin.logentry", 
        "fields": {
            "action_flag": 1, 
            "action_time": "2012-02-10 19:00:22", 
            "object_repr": "Statistics for Software Engineering (STAT 206)", 
            "object_id": "27", 
            "change_message": "", 
            "user": 2, 
            "content_type": [
                "core", 
                "course"
            ]
        }
    }, 
    {
        "pk": 76, 
        "model": "admin.logentry", 
        "fields": {
            "action_flag": 1, 
            "action_time": "2012-02-10 19:00:00", 
            "object_repr": "Logic & Computation (SE 112)", 
            "object_id": "26", 
            "change_message": "", 
            "user": 2, 
            "content_type": [
                "core", 
                "course"
            ]
        }
    }, 
    {
        "pk": 75, 
        "model": "admin.logentry", 
        "fields": {
            "action_flag": 1, 
            "action_time": "2012-02-10 18:59:40", 
            "object_repr": "Digital Computers (ECE 222)", 
            "object_id": "25", 
            "change_message": "", 
            "user": 2, 
            "content_type": [
                "core", 
                "course"
            ]
        }
    }, 
    {
        "pk": 74, 
        "model": "admin.logentry", 
        "fields": {
            "action_flag": 1, 
            "action_time": "2012-02-10 18:58:49", 
            "object_repr": "Introduction to Electrostatics, Magnetism & Electronics (ECE 126)", 
            "object_id": "24", 
            "change_message": "", 
            "user": 2, 
            "content_type": [
                "core", 
                "course"
            ]
        }
    }, 
    {
        "pk": 73, 
        "model": "admin.logentry", 
        "fields": {
            "action_flag": 1, 
            "action_time": "2012-02-10 18:58:16", 
            "object_repr": "Foundations of Sequential Programs (CS 241)", 
            "object_id": "23", 
            "change_message": "", 
            "user": 2, 
            "content_type": [
                "core", 
                "course"
            ]
        }
    }, 
    {
        "pk": 72, 
        "model": "admin.logentry", 
        "fields": {
            "action_flag": 1, 
            "action_time": "2012-02-10 18:56:13", 
            "object_repr": "Introduction to Combinatorics (MATH 239)", 
            "object_id": "22", 
            "change_message": "", 
            "user": 2, 
            "content_type": [
                "core", 
                "course"
            ]
        }
    }, 
    {
        "pk": 71, 
        "model": "admin.logentry", 
        "fields": {
            "action_flag": 1, 
            "action_time": "2012-02-10 18:55:55", 
            "object_repr": "Advanced Mathematics for Software Engineers (MATH 213)", 
            "object_id": "21", 
            "change_message": "", 
            "user": 2, 
            "content_type": [
                "core", 
                "course"
            ]
        }
    }, 
    {
        "pk": 70, 
        "model": "admin.logentry", 
        "fields": {
            "action_flag": 1, 
            "action_time": "2012-02-10 18:55:33", 
            "object_repr": "Software Abstraction & Specification (CS 246)", 
            "object_id": "20", 
            "change_message": "", 
            "user": 2, 
            "content_type": [
                "core", 
                "course"
            ]
        }
    }, 
    {
        "pk": 69, 
        "model": "admin.logentry", 
        "fields": {
            "action_flag": 1, 
            "action_time": "2012-02-10 18:55:09", 
            "object_repr": "Data Structures & Data Management (CS 240)", 
            "object_id": "19", 
            "change_message": "", 
            "user": 2, 
            "content_type": [
                "core", 
                "course"
            ]
        }
    }, 
    {
        "pk": 68, 
        "model": "admin.logentry", 
        "fields": {
            "action_flag": 1, 
            "action_time": "2012-02-10 18:54:35", 
            "object_repr": "Genetics (BIOL 139)", 
            "object_id": "18", 
            "change_message": "", 
            "user": 2, 
            "content_type": [
                "core", 
                "course"
            ]
        }
    }, 
    {
        "pk": 67, 
        "model": "admin.logentry", 
        "fields": {
            "action_flag": 2, 
            "action_time": "2012-02-10 18:52:45", 
            "object_repr": "Cybernetics & Society (STV 205)", 
            "object_id": "17", 
            "change_message": "Changed name.", 
            "user": 2, 
            "content_type": [
                "core", 
                "course"
            ]
        }
    }, 
    {
        "pk": 66, 
        "model": "admin.logentry", 
        "fields": {
            "action_flag": 1, 
            "action_time": "2012-02-10 18:52:04", 
            "object_repr": "Cybernetics and Society (STV 205)", 
            "object_id": "17", 
            "change_message": "", 
            "user": 2, 
            "content_type": [
                "core", 
                "course"
            ]
        }
    }, 
    {
        "pk": 65, 
        "model": "admin.logentry", 
        "fields": {
            "action_flag": 1, 
            "action_time": "2012-02-10 18:51:33", 
            "object_repr": "Human-Computer Interaction (SE 382)", 
            "object_id": "16", 
            "change_message": "", 
            "user": 2, 
            "content_type": [
                "core", 
                "course"
            ]
        }
    }, 
    {
        "pk": 64, 
        "model": "admin.logentry", 
        "fields": {
            "action_flag": 1, 
            "action_time": "2012-02-10 18:51:18", 
            "object_repr": "Introduction to Feedback Control (SE 380)", 
            "object_id": "15", 
            "change_message": "", 
            "user": 2, 
            "content_type": [
                "core", 
                "course"
            ]
        }
    }, 
    {
        "pk": 63, 
        "model": "admin.logentry", 
        "fields": {
            "action_flag": 1, 
            "action_time": "2012-02-10 18:50:57", 
            "object_repr": "Operating Systems (SE 350)", 
            "object_id": "14", 
            "change_message": "", 
            "user": 2, 
            "content_type": [
                "core", 
                "course"
            ]
        }
    }, 
    {
        "pk": 62, 
        "model": "admin.logentry", 
        "fields": {
            "action_flag": 1, 
            "action_time": "2012-02-10 18:50:01", 
            "object_repr": "Algorithms (CS 341)", 
            "object_id": "13", 
            "change_message": "", 
            "user": 2, 
            "content_type": [
                "core", 
                "course"
            ]
        }
    }, 
    {
        "pk": 61, 
        "model": "admin.logentry", 
        "fields": {
            "action_flag": 2, 
            "action_time": "2012-02-10 13:31:51", 
            "object_repr": "sz", 
            "object_id": "7", 
            "change_message": "Changed is_staff and is_superuser.", 
            "user": 2, 
            "content_type": [
                "auth", 
                "user"
            ]
        }
    }, 
    {
        "pk": 60, 
        "model": "admin.logentry", 
        "fields": {
            "action_flag": 2, 
            "action_time": "2012-02-10 01:13:49", 
            "object_repr": "yli", 
            "object_id": "6", 
            "change_message": "Changed is_staff and is_superuser.", 
            "user": 2, 
            "content_type": [
                "auth", 
                "user"
            ]
        }
    }, 
    {
        "pk": 59, 
        "model": "admin.logentry", 
        "fields": {
            "action_flag": 2, 
            "action_time": "2012-02-09 19:15:12", 
            "object_repr": "Hardware", 
            "object_id": "4", 
            "change_message": "Changed name.", 
            "user": 2, 
            "content_type": [
                "core", 
                "skill"
            ]
        }
    }, 
    {
        "pk": 58, 
        "model": "admin.logentry", 
        "fields": {
            "action_flag": 3, 
            "action_time": "2012-02-09 19:14:48", 
            "object_repr": "tforce", 
            "object_id": "4", 
            "change_message": "", 
            "user": 2, 
            "content_type": [
                "auth", 
                "user"
            ]
        }
    }, 
    {
        "pk": 57, 
        "model": "admin.logentry", 
        "fields": {
            "action_flag": 3, 
            "action_time": "2012-02-09 19:14:34", 
            "object_repr": "lisean", 
            "object_id": "1", 
            "change_message": "", 
            "user": 2, 
            "content_type": [
                "auth", 
                "user"
            ]
        }
    }, 
    {
        "pk": 56, 
        "model": "admin.logentry", 
        "fields": {
            "action_flag": 3, 
            "action_time": "2012-02-09 19:14:18", 
            "object_repr": "Trivial", 
            "object_id": "2", 
            "change_message": "", 
            "user": 2, 
            "content_type": [
                "auth", 
                "group"
            ]
        }
    }, 
    {
        "pk": 55, 
        "model": "admin.logentry", 
        "fields": {
            "action_flag": 3, 
            "action_time": "2012-02-09 19:14:18", 
            "object_repr": "Administrators", 
            "object_id": "1", 
            "change_message": "", 
            "user": 2, 
            "content_type": [
                "auth", 
                "group"
            ]
        }
    }, 
    {
        "pk": 54, 
        "model": "admin.logentry", 
        "fields": {
            "action_flag": 2, 
            "action_time": "2012-02-09 18:30:55", 
            "object_repr": "lisean", 
            "object_id": "1", 
            "change_message": "Changed groups.", 
            "user": 2, 
            "content_type": [
                "auth", 
                "user"
            ]
        }
    }, 
    {
        "pk": 53, 
        "model": "admin.logentry", 
        "fields": {
            "action_flag": 1, 
            "action_time": "2012-02-09 18:30:40", 
            "object_repr": "Trivial", 
            "object_id": "2", 
            "change_message": "", 
            "user": 2, 
            "content_type": [
                "auth", 
                "group"
            ]
        }
    }, 
    {
        "pk": 52, 
        "model": "admin.logentry", 
        "fields": {
            "action_flag": 2, 
            "action_time": "2012-02-09 18:30:14", 
            "object_repr": "mc", 
            "object_id": "3", 
            "change_message": "Changed groups.", 
            "user": 2, 
            "content_type": [
                "auth", 
                "user"
            ]
        }
    }, 
    {
        "pk": 51, 
        "model": "admin.logentry", 
        "fields": {
            "action_flag": 1, 
            "action_time": "2012-02-09 18:29:47", 
            "object_repr": "Administrators", 
            "object_id": "1", 
            "change_message": "", 
            "user": 2, 
            "content_type": [
                "auth", 
                "group"
            ]
        }
    }, 
    {
        "pk": 50, 
        "model": "admin.logentry", 
        "fields": {
            "action_flag": 1, 
            "action_time": "2012-02-09 16:22:19", 
            "object_repr": "University of Toronto", 
            "object_id": "4", 
            "change_message": "", 
            "user": 2, 
            "content_type": [
                "core", 
                "institute"
            ]
        }
    }, 
    {
        "pk": 49, 
        "model": "admin.logentry", 
        "fields": {
            "action_flag": 1, 
            "action_time": "2012-02-09 16:18:47", 
            "object_repr": "Simon Fraser University", 
            "object_id": "3", 
            "change_message": "", 
            "user": 2, 
            "content_type": [
                "core", 
                "institute"
            ]
        }
    }, 
    {
        "pk": 48, 
        "model": "admin.logentry", 
        "fields": {
            "action_flag": 2, 
            "action_time": "2012-02-09 16:15:54", 
            "object_repr": "mc", 
            "object_id": "3", 
            "change_message": "Changed first_name.", 
            "user": 2, 
            "content_type": [
                "auth", 
                "user"
            ]
        }
    }, 
    {
        "pk": 47, 
        "model": "admin.logentry", 
        "fields": {
            "action_flag": 1, 
            "action_time": "2012-02-09 16:13:49", 
            "object_repr": "University of British Columbia", 
            "object_id": "2", 
            "change_message": "", 
            "user": 2, 
            "content_type": [
                "core", 
                "institute"
            ]
        }
    }, 
    {
        "pk": 46, 
        "model": "admin.logentry", 
        "fields": {
            "action_flag": 2, 
            "action_time": "2012-02-09 16:12:10", 
            "object_repr": "University of Waterloo", 
            "object_id": "1", 
            "change_message": "Changed address.", 
            "user": 2, 
            "content_type": [
                "core", 
                "institute"
            ]
        }
    }, 
    {
        "pk": 45, 
        "model": "admin.logentry", 
        "fields": {
            "action_flag": 1, 
            "action_time": "2012-02-09 16:10:26", 
            "object_repr": "Yukon", 
            "object_id": "13", 
            "change_message": "", 
            "user": 2, 
            "content_type": [
                "core", 
                "provincestate"
            ]
        }
    }, 
    {
        "pk": 44, 
        "model": "admin.logentry", 
        "fields": {
            "action_flag": 1, 
            "action_time": "2012-02-09 16:10:13", 
            "object_repr": "Saskachewan", 
            "object_id": "12", 
            "change_message": "", 
            "user": 2, 
            "content_type": [
                "core", 
                "provincestate"
            ]
        }
    }, 
    {
        "pk": 43, 
        "model": "admin.logentry", 
        "fields": {
            "action_flag": 1, 
            "action_time": "2012-02-09 16:10:04", 
            "object_repr": "Quebec", 
            "object_id": "11", 
            "change_message": "", 
            "user": 2, 
            "content_type": [
                "core", 
                "provincestate"
            ]
        }
    }, 
    {
        "pk": 42, 
        "model": "admin.logentry", 
        "fields": {
            "action_flag": 1, 
            "action_time": "2012-02-09 16:09:57", 
            "object_repr": "Prince Edward Island", 
            "object_id": "10", 
            "change_message": "", 
            "user": 2, 
            "content_type": [
                "core", 
                "provincestate"
            ]
        }
    }, 
    {
        "pk": 41, 
        "model": "admin.logentry", 
        "fields": {
            "action_flag": 1, 
            "action_time": "2012-02-09 16:09:45", 
            "object_repr": "Nunavut", 
            "object_id": "9", 
            "change_message": "", 
            "user": 2, 
            "content_type": [
                "core", 
                "provincestate"
            ]
        }
    }, 
    {
        "pk": 40, 
        "model": "admin.logentry", 
        "fields": {
            "action_flag": 1, 
            "action_time": "2012-02-09 16:09:28", 
            "object_repr": "Nova Scotia", 
            "object_id": "8", 
            "change_message": "", 
            "user": 2, 
            "content_type": [
                "core", 
                "provincestate"
            ]
        }
    }, 
    {
        "pk": 39, 
        "model": "admin.logentry", 
        "fields": {
            "action_flag": 1, 
            "action_time": "2012-02-09 16:09:18", 
            "object_repr": "Northwest Territories", 
            "object_id": "7", 
            "change_message": "", 
            "user": 2, 
            "content_type": [
                "core", 
                "provincestate"
            ]
        }
    }, 
    {
        "pk": 38, 
        "model": "admin.logentry", 
        "fields": {
            "action_flag": 1, 
            "action_time": "2012-02-09 16:08:54", 
            "object_repr": "Newfoundland and Labrador", 
            "object_id": "6", 
            "change_message": "", 
            "user": 2, 
            "content_type": [
                "core", 
                "provincestate"
            ]
        }
    }, 
    {
        "pk": 37, 
        "model": "admin.logentry", 
        "fields": {
            "action_flag": 1, 
            "action_time": "2012-02-09 16:08:43", 
            "object_repr": "New Brunswick", 
            "object_id": "5", 
            "change_message": "", 
            "user": 2, 
            "content_type": [
                "core", 
                "provincestate"
            ]
        }
    }, 
    {
        "pk": 36, 
        "model": "admin.logentry", 
        "fields": {
            "action_flag": 1, 
            "action_time": "2012-02-09 16:08:08", 
            "object_repr": "Manitoba", 
            "object_id": "4", 
            "change_message": "", 
            "user": 2, 
            "content_type": [
                "core", 
                "provincestate"
            ]
        }
    }, 
    {
        "pk": 35, 
        "model": "admin.logentry", 
        "fields": {
            "action_flag": 1, 
            "action_time": "2012-02-09 16:08:01", 
            "object_repr": "British Columbia", 
            "object_id": "3", 
            "change_message": "", 
            "user": 2, 
            "content_type": [
                "core", 
                "provincestate"
            ]
        }
    }, 
    {
        "pk": 34, 
        "model": "admin.logentry", 
        "fields": {
            "action_flag": 1, 
            "action_time": "2012-02-09 16:07:51", 
            "object_repr": "Alberta", 
            "object_id": "2", 
            "change_message": "", 
            "user": 2, 
            "content_type": [
                "core", 
                "provincestate"
            ]
        }
    }, 
    {
        "pk": 33, 
        "model": "admin.logentry", 
        "fields": {
            "action_flag": 1, 
            "action_time": "2012-02-09 16:07:00", 
            "object_repr": "United States", 
            "object_id": "2", 
            "change_message": "", 
            "user": 2, 
            "content_type": [
                "core", 
                "country"
            ]
        }
    }, 
    {
        "pk": 32, 
        "model": "admin.logentry", 
        "fields": {
            "action_flag": 2, 
            "action_time": "2012-02-09 14:47:03", 
            "object_repr": "mc", 
            "object_id": "3", 
            "change_message": "Changed last_name.", 
            "user": 2, 
            "content_type": [
                "auth", 
                "user"
            ]
        }
    }, 
    {
        "pk": 31, 
        "model": "admin.logentry", 
        "fields": {
            "action_flag": 3, 
            "action_time": "2012-02-09 04:25:10", 
            "object_repr": "Introduction To Database Management (IN)", 
            "object_id": "12", 
            "change_message": "", 
            "user": 2, 
            "content_type": [
                "core", 
                "course"
            ]
        }
    }, 
    {
        "pk": 30, 
        "model": "admin.logentry", 
        "fields": {
            "action_flag": 2, 
            "action_time": "2012-02-09 04:17:27", 
            "object_repr": "Mike C (mc)", 
            "object_id": "3", 
            "change_message": "Added badge assignment \"Mike C (mc) : True Identity\".", 
            "user": 2, 
            "content_type": [
                "core", 
                "profile"
            ]
        }
    }, 
    {
        "pk": 29, 
        "model": "admin.logentry", 
        "fields": {
            "action_flag": 2, 
            "action_time": "2012-02-09 04:14:12", 
            "object_repr": "Mike C (mc)", 
            "object_id": "3", 
            "change_message": "Changed birthday, tagline and degree. Added skill assignment \"Mike C (mc) : Porn watching\". Added encouragement \"To Mike C (mc): dsgsdfgdf...\". Added feedback \"To Mike C (mc): gsdgsdgdsg...\".", 
            "user": 3, 
            "content_type": [
                "core", 
                "profile"
            ]
        }
    }, 
    {
        "pk": 28, 
        "model": "admin.logentry", 
        "fields": {
            "action_flag": 1, 
            "action_time": "2012-02-09 04:09:30", 
            "object_repr": "Porn watching", 
            "object_id": "4", 
            "change_message": "", 
            "user": 3, 
            "content_type": [
                "core", 
                "skill"
            ]
        }
    }, 
    {
        "pk": 27, 
        "model": "admin.logentry", 
        "fields": {
            "action_flag": 2, 
            "action_time": "2012-02-09 04:08:38", 
            "object_repr": "mc", 
            "object_id": "3", 
            "change_message": "Changed is_staff and is_superuser.", 
            "user": 2, 
            "content_type": [
                "auth", 
                "user"
            ]
        }
    }, 
    {
        "pk": 26, 
        "model": "admin.logentry", 
        "fields": {
            "action_flag": 1, 
            "action_time": "2012-02-09 04:03:29", 
            "object_repr": "Software Requirements Specification & Analysis (SE 463)", 
            "object_id": "11", 
            "change_message": "", 
            "user": 2, 
            "content_type": [
                "core", 
                "course"
            ]
        }
    }, 
    {
        "pk": 25, 
        "model": "admin.logentry", 
        "fields": {
            "action_flag": 1, 
            "action_time": "2012-02-09 04:02:45", 
            "object_repr": "Introductory Psychology (PSYCH 101)", 
            "object_id": "10", 
            "change_message": "", 
            "user": 2, 
            "content_type": [
                "core", 
                "course"
            ]
        }
    }, 
    {
        "pk": 24, 
        "model": "admin.logentry", 
        "fields": {
            "action_flag": 1, 
            "action_time": "2012-02-09 04:02:22", 
            "object_repr": "Introduction to Artificial Intelligence (CS 486)", 
            "object_id": "9", 
            "change_message": "", 
            "user": 2, 
            "content_type": [
                "core", 
                "course"
            ]
        }
    }, 
    {
        "pk": 23, 
        "model": "admin.logentry", 
        "fields": {
            "action_flag": 1, 
            "action_time": "2012-02-09 04:01:47", 
            "object_repr": "Introduction to Database Management (CS 348)", 
            "object_id": "8", 
            "change_message": "", 
            "user": 2, 
            "content_type": [
                "core", 
                "course"
            ]
        }
    }, 
    {
        "pk": 22, 
        "model": "admin.logentry", 
        "fields": {
            "action_flag": 1, 
            "action_time": "2012-02-09 04:01:25", 
            "object_repr": "Concurrent & Parallel Programming (CS 343)", 
            "object_id": "7", 
            "change_message": "", 
            "user": 2, 
            "content_type": [
                "core", 
                "course"
            ]
        }
    }, 
    {
        "pk": 21, 
        "model": "admin.logentry", 
        "fields": {
            "action_flag": 3, 
            "action_time": "2012-02-09 03:57:24", 
            "object_repr": "Distributed Systems (CS 101)", 
            "object_id": "1", 
            "change_message": "", 
            "user": 2, 
            "content_type": [
                "core", 
                "course"
            ]
        }
    }, 
    {
        "pk": 20, 
        "model": "admin.logentry", 
        "fields": {
            "action_flag": 3, 
            "action_time": "2012-02-09 03:57:24", 
            "object_repr": "My Life (LIFE 101)", 
            "object_id": "2", 
            "change_message": "", 
            "user": 2, 
            "content_type": [
                "core", 
                "course"
            ]
        }
    }, 
    {
        "pk": 19, 
        "model": "admin.logentry", 
        "fields": {
            "action_flag": 2, 
            "action_time": "2012-02-08 15:33:36", 
            "object_repr": "Sean Li (sli)", 
            "object_id": "2", 
            "change_message": "Added skill assignment \"Sean Li (sli) : PHP\".", 
            "user": 2, 
            "content_type": [
                "core", 
                "profile"
            ]
        }
    }, 
    {
        "pk": 18, 
        "model": "admin.logentry", 
        "fields": {
            "action_flag": 2, 
            "action_time": "2012-02-08 15:33:22", 
            "object_repr": "Sean Li (sli)", 
            "object_id": "2", 
            "change_message": "Added skill assignment \"Sean Li (sli) : Django\". Added skill assignment \"Sean Li (sli) : Python\".", 
            "user": 2, 
            "content_type": [
                "core", 
                "profile"
            ]
        }
    }, 
    {
        "pk": 17, 
        "model": "admin.logentry", 
        "fields": {
            "action_flag": 1, 
            "action_time": "2012-02-08 15:32:23", 
            "object_repr": "PHP", 
            "object_id": "3", 
            "change_message": "", 
            "user": 2, 
            "content_type": [
                "core", 
                "skill"
            ]
        }
    }, 
    {
        "pk": 16, 
        "model": "admin.logentry", 
        "fields": {
            "action_flag": 1, 
            "action_time": "2012-02-08 15:31:11", 
            "object_repr": "Python", 
            "object_id": "2", 
            "change_message": "", 
            "user": 2, 
            "content_type": [
                "core", 
                "skill"
            ]
        }
    }, 
    {
        "pk": 15, 
        "model": "admin.logentry", 
        "fields": {
            "action_flag": 1, 
            "action_time": "2012-02-08 15:31:05", 
            "object_repr": "Django", 
            "object_id": "1", 
            "change_message": "", 
            "user": 2, 
            "content_type": [
                "core", 
                "skill"
            ]
        }
    }, 
    {
        "pk": 14, 
        "model": "admin.logentry", 
        "fields": {
            "action_flag": 2, 
            "action_time": "2012-02-08 15:04:57", 
            "object_repr": "www.mynodo.com", 
            "object_id": "1", 
            "change_message": "Changed domain and name.", 
            "user": 2, 
            "content_type": [
                "sites", 
                "site"
            ]
        }
    }, 
    {
        "pk": 13, 
        "model": "admin.logentry", 
        "fields": {
            "action_flag": 2, 
            "action_time": "2012-02-08 14:35:07", 
            "object_repr": "Sean Li (sli)", 
            "object_id": "2", 
            "change_message": "Added faculty assignment \"Sean Li (sli) : Faculty of Mathematics\". Added specialization assignment \"Sean Li (sli) : Computer Science\".", 
            "user": 2, 
            "content_type": [
                "core", 
                "profile"
            ]
        }
    }, 
    {
        "pk": 11, 
        "model": "admin.logentry", 
        "fields": {
            "action_flag": 1, 
            "action_time": "2012-02-08 14:34:10", 
            "object_repr": "Computer Science", 
            "object_id": "2", 
            "change_message": "", 
            "user": 2, 
            "content_type": [
                "core", 
                "specialization"
            ]
        }
    }, 
    {
        "pk": 10, 
        "model": "admin.logentry", 
        "fields": {
            "action_flag": 2, 
            "action_time": "2012-02-08 00:21:25", 
            "object_repr": "Sean Li (sli)", 
            "object_id": "2", 
            "change_message": "Changed birthday. Added faculty assignment \"Sean Li (sli) : Faculty of Engineering\". Added specialization assignment \"Sean Li (sli) : Software Engineering\". Added badge assignment \"Sean Li (sli) : True Identity\".", 
            "user": 2, 
            "content_type": [
                "core", 
                "profile"
            ]
        }
    }, 
    {
        "pk": 9, 
        "model": "admin.logentry", 
        "fields": {
            "action_flag": 1, 
            "action_time": "2012-02-08 00:21:14", 
            "object_repr": "True Identity", 
            "object_id": "1", 
            "change_message": "", 
            "user": 2, 
            "content_type": [
                "core", 
                "badge"
            ]
        }
    }, 
    {
        "pk": 8, 
        "model": "admin.logentry", 
        "fields": {
            "action_flag": 1, 
            "action_time": "2012-02-08 00:20:26", 
            "object_repr": "Software Engineering", 
            "object_id": "1", 
            "change_message": "", 
            "user": 2, 
            "content_type": [
                "core", 
                "specialization"
            ]
        }
    }
]