[
    {
        "pk": 1, 
        "model": "auth.user", 
        "fields": {
            "username": "lisean", 
            "first_name": "Sean", 
            "last_name": "Li", 
            "is_active": true, 
            "is_superuser": true, 
            "is_staff": true, 
            "last_login": "2012-02-08 00:18:55", 
            "groups": [], 
            "user_permissions": [], 
            "password": "sha1$6498e$8b614b7b4e5dc98350014b9bb42f8c29d89aaf0f", 
            "email": "lishang106@gmail.com", 
            "date_joined": "2012-02-07 23:06:37"
        }
    }, 
    {
        "pk": 4, 
        "model": "auth.user", 
        "fields": {
            "username": "tforce", 
            "first_name": "Trinity", 
            "last_name": "Force", 
            "is_active": true, 
            "is_superuser": false, 
            "is_staff": false, 
            "last_login": "2012-02-09 16:14:42", 
            "groups": [], 
            "user_permissions": [], 
            "password": "sha1$9e617$36091b5b220e3e7986fcfa360bc998e7c3831b6d", 
            "email": "tesla@ubc.com", 
            "date_joined": "2012-02-09 16:14:29"
        }
    }, 
    {
        "pk": 3, 
        "model": "auth.user", 
        "fields": {
            "username": "mc", 
            "first_name": "Michael", 
            "last_name": "Chiang", 
            "is_active": true, 
            "is_superuser": true, 
            "is_staff": true, 
            "last_login": "2012-02-09 04:07:35", 
            "groups": [], 
            "user_permissions": [], 
            "password": "sha1$3908e$cf5dcf596fb9711b8eed65355225fe3c9b240c0e", 
            "email": "michaelcutedoggy@hotmail.com", 
            "date_joined": "2012-02-09 04:07:26"
        }
    }, 
    {
        "pk": 2, 
        "model": "auth.user", 
        "fields": {
            "username": "sli", 
            "first_name": "Sean", 
            "last_name": "Li", 
            "is_active": true, 
            "is_superuser": true, 
            "is_staff": true, 
            "last_login": "2012-02-09 16:23:14", 
            "groups": [], 
            "user_permissions": [], 
            "password": "sha1$f1753$aeafeb0bfbbd7bbbc079d7a3b53850f354100933", 
            "email": "s67li@uwaterloo.ca", 
            "date_joined": "2012-02-08 00:12:47"
        }
    }, 
    {
        "pk": "3300c82c959ceac17733d636cf96de26", 
        "model": "sessions.session", 
        "fields": {
            "expire_date": "2012-02-23 04:07:35", 
            "session_data": "Nzg2MTg2Y2M4NjM1MTMzZmIzOWRmNGNiZDkzOTVjODQ5MmI1YmIyMzqAAn1xAShVEl9hdXRoX3Vz\nZXJfYmFja2VuZHECVSlNaW5lcnZhLmFjY291bnQuYmFja2VuZHMuRW1haWxBdXRoQmFja2VuZHED\nVQ1fYXV0aF91c2VyX2lkcQRLA3Uu\n"
        }
    }, 
    {
        "pk": "da25a870768f3d260ea96cc99f936dc3", 
        "model": "sessions.session", 
        "fields": {
            "expire_date": "2012-02-22 00:23:39", 
            "session_data": "NTQ0ZmYzN2JiYmMwMzEwMmUwMDdiNTE4NzEzMzAxN2IyYTU1ODI3MDqAAn1xAShVEl9hdXRoX3Vz\nZXJfYmFja2VuZHECVSlNaW5lcnZhLmFjY291bnQuYmFja2VuZHMuRW1haWxBdXRoQmFja2VuZHED\nVQ1fYXV0aF91c2VyX2lkcQRLAnUu\n"
        }
    }, 
    {
        "pk": "1bcf286580dfc4fd34c0b95bddd5aa81", 
        "model": "sessions.session", 
        "fields": {
            "expire_date": "2012-02-22 00:09:17", 
            "session_data": "ZjVkMDhjZDE5MzY2NTlmY2UyZWY5OTQwMGQ2YjFhZjdhYWQxODUwMjqAAn1xAShVEl9hdXRoX3Vz\nZXJfYmFja2VuZHECVSlNaW5lcnZhLmFjY291bnQuYmFja2VuZHMuRW1haWxBdXRoQmFja2VuZHED\nVQ1fYXV0aF91c2VyX2lkcQRLAXUu\n"
        }
    }, 
    {
        "pk": "1626243a9d6c354d085304db91783a0b", 
        "model": "sessions.session", 
        "fields": {
            "expire_date": "2012-02-22 00:32:37", 
            "session_data": "ZWQyMzcwY2Q1M2Q1MWNiYTUxMjNlNTBjMzIwNGI5MmMzMzMzNWQ5NzqAAn1xAS4=\n"
        }
    }, 
    {
        "pk": "3a4526e3e3b544943bb5d122f6e0eadc", 
        "model": "sessions.session", 
        "fields": {
            "expire_date": "2012-02-23 16:23:14", 
            "session_data": "NTQ0ZmYzN2JiYmMwMzEwMmUwMDdiNTE4NzEzMzAxN2IyYTU1ODI3MDqAAn1xAShVEl9hdXRoX3Vz\nZXJfYmFja2VuZHECVSlNaW5lcnZhLmFjY291bnQuYmFja2VuZHMuRW1haWxBdXRoQmFja2VuZHED\nVQ1fYXV0aF91c2VyX2lkcQRLAnUu\n"
        }
    }, 
    {
        "pk": "25889993471f19b6ae9ba143736fe1ae", 
        "model": "sessions.session", 
        "fields": {
            "expire_date": "2012-02-22 15:00:34", 
            "session_data": "NTQ0ZmYzN2JiYmMwMzEwMmUwMDdiNTE4NzEzMzAxN2IyYTU1ODI3MDqAAn1xAShVEl9hdXRoX3Vz\nZXJfYmFja2VuZHECVSlNaW5lcnZhLmFjY291bnQuYmFja2VuZHMuRW1haWxBdXRoQmFja2VuZHED\nVQ1fYXV0aF91c2VyX2lkcQRLAnUu\n"
        }
    }, 
    {
        "pk": "87ad364097d3361616de26be45efff0a", 
        "model": "sessions.session", 
        "fields": {
            "expire_date": "2012-02-23 04:09:05", 
            "session_data": "NjUwMTY0MjlmZDRiN2E4YTc3ZmFmYTdhMjVkZTBkNDA5MGJmOWFkNzqAAn1xAVUKdGVzdGNvb2tp\nZXECVQZ3b3JrZWRxA3Mu\n"
        }
    }, 
    {
        "pk": "f33a5e9f2386dd244cde72113cf0f2f1", 
        "model": "sessions.session", 
        "fields": {
            "expire_date": "2012-02-22 21:53:15", 
            "session_data": "ZWQyMzcwY2Q1M2Q1MWNiYTUxMjNlNTBjMzIwNGI5MmMzMzMzNWQ5NzqAAn1xAS4=\n"
        }
    }, 
    {
        "pk": "17985ce2d2a21cb731f401e84d508ff1", 
        "model": "sessions.session", 
        "fields": {
            "expire_date": "2012-02-22 21:55:35", 
            "session_data": "NTQ0ZmYzN2JiYmMwMzEwMmUwMDdiNTE4NzEzMzAxN2IyYTU1ODI3MDqAAn1xAShVEl9hdXRoX3Vz\nZXJfYmFja2VuZHECVSlNaW5lcnZhLmFjY291bnQuYmFja2VuZHMuRW1haWxBdXRoQmFja2VuZHED\nVQ1fYXV0aF91c2VyX2lkcQRLAnUu\n"
        }
    }, 
    {
        "pk": "3f35b75252c0f178bffd3837441a7818", 
        "model": "sessions.session", 
        "fields": {
            "expire_date": "2012-02-23 04:12:13", 
            "session_data": "NjUwMTY0MjlmZDRiN2E4YTc3ZmFmYTdhMjVkZTBkNDA5MGJmOWFkNzqAAn1xAVUKdGVzdGNvb2tp\nZXECVQZ3b3JrZWRxA3Mu\n"
        }
    }, 
    {
        "pk": "33904416dba819620235e3cc0c3816f7", 
        "model": "sessions.session", 
        "fields": {
            "expire_date": "2012-02-23 04:51:10", 
            "session_data": "NTQ0ZmYzN2JiYmMwMzEwMmUwMDdiNTE4NzEzMzAxN2IyYTU1ODI3MDqAAn1xAShVEl9hdXRoX3Vz\nZXJfYmFja2VuZHECVSlNaW5lcnZhLmFjY291bnQuYmFja2VuZHMuRW1haWxBdXRoQmFja2VuZHED\nVQ1fYXV0aF91c2VyX2lkcQRLAnUu\n"
        }
    }, 
    {
        "pk": 1, 
        "model": "sites.site", 
        "fields": {
            "domain": "www.mynodo.com", 
            "name": "Mynodo"
        }
    }, 
    {
        "pk": 1, 
        "model": "south.migrationhistory", 
        "fields": {
            "applied": "2012-02-08 05:06:46", 
            "app_name": "core", 
            "migration": "0001_initial"
        }
    }, 
    {
        "pk": 2, 
        "model": "south.migrationhistory", 
        "fields": {
            "applied": "2012-02-08 05:06:47", 
            "app_name": "core", 
            "migration": "0002_auto__add_feedback"
        }
    }, 
    {
        "pk": 3, 
        "model": "south.migrationhistory", 
        "fields": {
            "applied": "2012-02-08 05:06:47", 
            "app_name": "core", 
            "migration": "0003_auto__add_field_section_first_day__add_field_section_last_day__add_fie"
        }
    }, 
    {
        "pk": 4, 
        "model": "south.migrationhistory", 
        "fields": {
            "applied": "2012-02-08 05:06:47", 
            "app_name": "core", 
            "migration": "0004_auto__del_field_section_on_thurs__del_field_section_on_sat__del_field_"
        }
    }, 
    {
        "pk": 5, 
        "model": "south.migrationhistory", 
        "fields": {
            "applied": "2012-02-08 05:06:47", 
            "app_name": "core", 
            "migration": "0005_auto__chg_field_profile_degree"
        }
    }, 
    {
        "pk": 6, 
        "model": "south.migrationhistory", 
        "fields": {
            "applied": "2012-02-08 05:06:47", 
            "app_name": "core", 
            "migration": "0006_auto__add_field_badge_req_exp__chg_field_badge_next_exp__add_field_bad"
        }
    }, 
    {
        "pk": 7, 
        "model": "south.migrationhistory", 
        "fields": {
            "applied": "2012-02-08 21:29:10", 
            "app_name": "core", 
            "migration": "0007_auto__del_faculty__del_facultyassign__del_unique_facultyassign_profile"
        }
    }, 
    {
        "pk": 8, 
        "model": "south.migrationhistory", 
        "fields": {
            "applied": "2012-02-08 21:29:10", 
            "app_name": "core", 
            "migration": "0008_auto__add_skill__add_skillassign__add_unique_skillassign_profile_skill"
        }
    }, 
    {
        "pk": 9, 
        "model": "south.migrationhistory", 
        "fields": {
            "applied": "2012-02-09 07:12:49", 
            "app_name": "core", 
            "migration": "0009_auto__chg_field_profile_degree"
        }
    }, 
    {
        "pk": 10, 
        "model": "south.migrationhistory", 
        "fields": {
            "applied": "2012-02-09 07:12:49", 
            "app_name": "core", 
            "migration": "0010_auto__del_unique_course_institute_abbrev_name__add_unique_course_insti"
        }
    }, 
    {
        "pk": 1, 
        "model": "core.country", 
        "fields": {
            "name": "Canada"
        }
    }, 
    {
        "pk": 2, 
        "model": "core.country", 
        "fields": {
            "name": "United States"
        }
    }, 
    {
        "pk": 1, 
        "model": "core.provincestate", 
        "fields": {
            "country": 1, 
            "abbrev": "ON", 
            "name": "Ontario"
        }
    }, 
    {
        "pk": 2, 
        "model": "core.provincestate", 
        "fields": {
            "country": 1, 
            "abbrev": "AB", 
            "name": "Alberta"
        }
    }, 
    {
        "pk": 3, 
        "model": "core.provincestate", 
        "fields": {
            "country": 1, 
            "abbrev": "BC", 
            "name": "British Columbia"
        }
    }, 
    {
        "pk": 4, 
        "model": "core.provincestate", 
        "fields": {
            "country": 1, 
            "abbrev": "MB", 
            "name": "Manitoba"
        }
    }, 
    {
        "pk": 5, 
        "model": "core.provincestate", 
        "fields": {
            "country": 1, 
            "abbrev": "NB", 
            "name": "New Brunswick"
        }
    }, 
    {
        "pk": 6, 
        "model": "core.provincestate", 
        "fields": {
            "country": 1, 
            "abbrev": "NL", 
            "name": "Newfoundland and Labrador"
        }
    }, 
    {
        "pk": 7, 
        "model": "core.provincestate", 
        "fields": {
            "country": 1, 
            "abbrev": "NT", 
            "name": "Northwest Territories"
        }
    }, 
    {
        "pk": 8, 
        "model": "core.provincestate", 
        "fields": {
            "country": 1, 
            "abbrev": "NS", 
            "name": "Nova Scotia"
        }
    }, 
    {
        "pk": 9, 
        "model": "core.provincestate", 
        "fields": {
            "country": 1, 
            "abbrev": "NU", 
            "name": "Nunavut"
        }
    }, 
    {
        "pk": 10, 
        "model": "core.provincestate", 
        "fields": {
            "country": 1, 
            "abbrev": "PE", 
            "name": "Prince Edward Island"
        }
    }, 
    {
        "pk": 11, 
        "model": "core.provincestate", 
        "fields": {
            "country": 1, 
            "abbrev": "QC", 
            "name": "Quebec"
        }
    }, 
    {
        "pk": 12, 
        "model": "core.provincestate", 
        "fields": {
            "country": 1, 
            "abbrev": "SK", 
            "name": "Saskachewan"
        }
    }, 
    {
        "pk": 13, 
        "model": "core.provincestate", 
        "fields": {
            "country": 1, 
            "abbrev": "YT", 
            "name": "Yukon"
        }
    }, 
    {
        "pk": 1, 
        "model": "core.institute", 
        "fields": {
            "category": "U", 
            "city": "Waterloo", 
            "description": "", 
            "province_state": 1, 
            "address": "200 University Ave. W.", 
            "name": "University of Waterloo"
        }
    }, 
    {
        "pk": 2, 
        "model": "core.institute", 
        "fields": {
            "category": "U", 
            "city": "Vancouver", 
            "description": "", 
            "province_state": 3, 
            "address": "2329 West Mall", 
            "name": "University of British Columbia"
        }
    }, 
    {
        "pk": 3, 
        "model": "core.institute", 
        "fields": {
            "category": "U", 
            "city": "Vancouver", 
            "description": "", 
            "province_state": 3, 
            "address": "515 West Hastings Street", 
            "name": "Simon Fraser University"
        }
    }, 
    {
        "pk": 4, 
        "model": "core.institute", 
        "fields": {
            "category": "U", 
            "city": "Toronto", 
            "description": "", 
            "province_state": 1, 
            "address": "27 King's College Circle", 
            "name": "University of Toronto"
        }
    }, 
    {
        "pk": 1, 
        "model": "core.profile", 
        "fields": {
            "middle_name": "", 
            "degree": "UG", 
            "institute": null, 
            "tagline": "", 
            "influence": 0, 
            "birthday": null, 
            "role": "S", 
            "user": 1
        }
    }, 
    {
        "pk": 2, 
        "model": "core.profile", 
        "fields": {
            "middle_name": "", 
            "degree": "UG", 
            "institute": 1, 
            "tagline": "", 
            "influence": 0, 
            "birthday": "1990-10-06", 
            "role": "S", 
            "user": 2
        }
    }, 
    {
        "pk": 3, 
        "model": "core.profile", 
        "fields": {
            "middle_name": "", 
            "degree": "DC", 
            "institute": 1, 
            "tagline": "Super Hero Zero ", 
            "influence": 0, 
            "birthday": "2012-02-09", 
            "role": "S", 
            "user": 3
        }
    }, 
    {
        "pk": 4, 
        "model": "core.profile", 
        "fields": {
            "middle_name": null, 
            "degree": null, 
            "institute": 2, 
            "tagline": null, 
            "influence": 0, 
            "birthday": null, 
            "role": "S", 
            "user": 4
        }
    }, 
    {
        "pk": 1, 
        "model": "core.specialization", 
        "fields": {
            "name": "Software Engineering"
        }
    }, 
    {
        "pk": 2, 
        "model": "core.specialization", 
        "fields": {
            "name": "Computer Science"
        }
    }, 
    {
        "pk": 1, 
        "model": "core.specializationassign", 
        "fields": {
            "profile": 2, 
            "specialization": 1
        }
    }, 
    {
        "pk": 2, 
        "model": "core.specializationassign", 
        "fields": {
            "profile": 2, 
            "specialization": 2
        }
    }, 
    {
        "pk": 1, 
        "model": "core.skill", 
        "fields": {
            "name": "Django"
        }
    }, 
    {
        "pk": 2, 
        "model": "core.skill", 
        "fields": {
            "name": "Python"
        }
    }, 
    {
        "pk": 3, 
        "model": "core.skill", 
        "fields": {
            "name": "PHP"
        }
    }, 
    {
        "pk": 4, 
        "model": "core.skill", 
        "fields": {
            "name": "Porn watching"
        }
    }, 
    {
        "pk": 1, 
        "model": "core.skillassign", 
        "fields": {
            "profile": 2, 
            "skill": 1
        }
    }, 
    {
        "pk": 2, 
        "model": "core.skillassign", 
        "fields": {
            "profile": 2, 
            "skill": 2
        }
    }, 
    {
        "pk": 3, 
        "model": "core.skillassign", 
        "fields": {
            "profile": 2, 
            "skill": 3
        }
    }, 
    {
        "pk": 4, 
        "model": "core.skillassign", 
        "fields": {
            "profile": 3, 
            "skill": 4
        }
    }, 
    {
        "pk": 1, 
        "model": "core.badge", 
        "fields": {
            "next_lvl": null, 
            "req_exp": 10, 
            "prev_lvl": null, 
            "next_exp": 0, 
            "label": "True Identity"
        }
    }, 
    {
        "pk": 1, 
        "model": "core.badgeassign", 
        "fields": {
            "profile": 2, 
            "obtained": true, 
            "badge": 1, 
            "exp": 0
        }
    }, 
    {
        "pk": 2, 
        "model": "core.badgeassign", 
        "fields": {
            "profile": 3, 
            "obtained": true, 
            "badge": 1, 
            "exp": 0
        }
    }, 
    {
        "pk": 3, 
        "model": "core.course", 
        "fields": {
            "institute": 1, 
            "difficulty": null, 
            "abbrev": "CS 454", 
            "name": "Distributed Systems", 
            "description": null
        }
    }, 
    {
        "pk": 4, 
        "model": "core.course", 
        "fields": {
            "institute": 1, 
            "difficulty": null, 
            "abbrev": "ECE 358", 
            "name": "Computer Networks", 
            "description": null
        }
    }, 
    {
        "pk": 5, 
        "model": "core.course", 
        "fields": {
            "institute": 1, 
            "difficulty": null, 
            "abbrev": "SE 464", 
            "name": "Software Design & Architectures", 
            "description": null
        }
    }, 
    {
        "pk": 6, 
        "model": "core.course", 
        "fields": {
            "institute": 1, 
            "difficulty": null, 
            "abbrev": "SPCOM 223", 
            "name": "Public Speaking", 
            "description": null
        }
    }, 
    {
        "pk": 7, 
        "model": "core.course", 
        "fields": {
            "institute": 1, 
            "difficulty": null, 
            "abbrev": "CS 343", 
            "name": "Concurrent & Parallel Programming", 
            "description": ""
        }
    }, 
    {
        "pk": 8, 
        "model": "core.course", 
        "fields": {
            "institute": 1, 
            "difficulty": null, 
            "abbrev": "CS 348", 
            "name": "Introduction to Database Management", 
            "description": ""
        }
    }, 
    {
        "pk": 9, 
        "model": "core.course", 
        "fields": {
            "institute": 1, 
            "difficulty": null, 
            "abbrev": "CS 486", 
            "name": "Introduction to Artificial Intelligence", 
            "description": ""
        }
    }, 
    {
        "pk": 10, 
        "model": "core.course", 
        "fields": {
            "institute": 1, 
            "difficulty": null, 
            "abbrev": "PSYCH 101", 
            "name": "Introductory Psychology", 
            "description": ""
        }
    }, 
    {
        "pk": 11, 
        "model": "core.course", 
        "fields": {
            "institute": 1, 
            "difficulty": null, 
            "abbrev": "SE 463", 
            "name": "Software Requirements Specification & Analysis", 
            "description": ""
        }
    }, 
    {
        "pk": 1, 
        "model": "core.encouragement", 
        "fields": {
            "person_to": 3, 
            "message": "dsgsdfgdf", 
            "person_from": 3, 
            "anonymous": false, 
            "sent_time": "2012-02-09 03:56:39"
        }
    }, 
    {
        "pk": 1, 
        "model": "core.feedback", 
        "fields": {
            "message": "gsdgsdgdsgf", 
            "instructor": 3, 
            "person_from": 3, 
            "anonymous": true, 
            "sent_time": "2012-02-09 03:56:39"
        }
    }, 
    {
        "pk": 50, 
        "model": "admin.logentry", 
        "fields": {
            "action_flag": 1, 
            "action_time": "2012-02-09 16:22:19", 
            "object_repr": "University of Toronto", 
            "object_id": "4", 
            "change_message": "", 
            "user": 2, 
            "content_type": [
                "core", 
                "institute"
            ]
        }
    }, 
    {
        "pk": 49, 
        "model": "admin.logentry", 
        "fields": {
            "action_flag": 1, 
            "action_time": "2012-02-09 16:18:47", 
            "object_repr": "Simon Fraser University", 
            "object_id": "3", 
            "change_message": "", 
            "user": 2, 
            "content_type": [
                "core", 
                "institute"
            ]
        }
    }, 
    {
        "pk": 48, 
        "model": "admin.logentry", 
        "fields": {
            "action_flag": 2, 
            "action_time": "2012-02-09 16:15:54", 
            "object_repr": "mc", 
            "object_id": "3", 
            "change_message": "Changed first_name.", 
            "user": 2, 
            "content_type": [
                "auth", 
                "user"
            ]
        }
    }, 
    {
        "pk": 47, 
        "model": "admin.logentry", 
        "fields": {
            "action_flag": 1, 
            "action_time": "2012-02-09 16:13:49", 
            "object_repr": "University of British Columbia", 
            "object_id": "2", 
            "change_message": "", 
            "user": 2, 
            "content_type": [
                "core", 
                "institute"
            ]
        }
    }, 
    {
        "pk": 46, 
        "model": "admin.logentry", 
        "fields": {
            "action_flag": 2, 
            "action_time": "2012-02-09 16:12:10", 
            "object_repr": "University of Waterloo", 
            "object_id": "1", 
            "change_message": "Changed address.", 
            "user": 2, 
            "content_type": [
                "core", 
                "institute"
            ]
        }
    }, 
    {
        "pk": 45, 
        "model": "admin.logentry", 
        "fields": {
            "action_flag": 1, 
            "action_time": "2012-02-09 16:10:26", 
            "object_repr": "Yukon", 
            "object_id": "13", 
            "change_message": "", 
            "user": 2, 
            "content_type": [
                "core", 
                "provincestate"
            ]
        }
    }, 
    {
        "pk": 44, 
        "model": "admin.logentry", 
        "fields": {
            "action_flag": 1, 
            "action_time": "2012-02-09 16:10:13", 
            "object_repr": "Saskachewan", 
            "object_id": "12", 
            "change_message": "", 
            "user": 2, 
            "content_type": [
                "core", 
                "provincestate"
            ]
        }
    }, 
    {
        "pk": 43, 
        "model": "admin.logentry", 
        "fields": {
            "action_flag": 1, 
            "action_time": "2012-02-09 16:10:04", 
            "object_repr": "Quebec", 
            "object_id": "11", 
            "change_message": "", 
            "user": 2, 
            "content_type": [
                "core", 
                "provincestate"
            ]
        }
    }, 
    {
        "pk": 42, 
        "model": "admin.logentry", 
        "fields": {
            "action_flag": 1, 
            "action_time": "2012-02-09 16:09:57", 
            "object_repr": "Prince Edward Island", 
            "object_id": "10", 
            "change_message": "", 
            "user": 2, 
            "content_type": [
                "core", 
                "provincestate"
            ]
        }
    }, 
    {
        "pk": 41, 
        "model": "admin.logentry", 
        "fields": {
            "action_flag": 1, 
            "action_time": "2012-02-09 16:09:45", 
            "object_repr": "Nunavut", 
            "object_id": "9", 
            "change_message": "", 
            "user": 2, 
            "content_type": [
                "core", 
                "provincestate"
            ]
        }
    }, 
    {
        "pk": 40, 
        "model": "admin.logentry", 
        "fields": {
            "action_flag": 1, 
            "action_time": "2012-02-09 16:09:28", 
            "object_repr": "Nova Scotia", 
            "object_id": "8", 
            "change_message": "", 
            "user": 2, 
            "content_type": [
                "core", 
                "provincestate"
            ]
        }
    }, 
    {
        "pk": 39, 
        "model": "admin.logentry", 
        "fields": {
            "action_flag": 1, 
            "action_time": "2012-02-09 16:09:18", 
            "object_repr": "Northwest Territories", 
            "object_id": "7", 
            "change_message": "", 
            "user": 2, 
            "content_type": [
                "core", 
                "provincestate"
            ]
        }
    }, 
    {
        "pk": 38, 
        "model": "admin.logentry", 
        "fields": {
            "action_flag": 1, 
            "action_time": "2012-02-09 16:08:54", 
            "object_repr": "Newfoundland and Labrador", 
            "object_id": "6", 
            "change_message": "", 
            "user": 2, 
            "content_type": [
                "core", 
                "provincestate"
            ]
        }
    }, 
    {
        "pk": 37, 
        "model": "admin.logentry", 
        "fields": {
            "action_flag": 1, 
            "action_time": "2012-02-09 16:08:43", 
            "object_repr": "New Brunswick", 
            "object_id": "5", 
            "change_message": "", 
            "user": 2, 
            "content_type": [
                "core", 
                "provincestate"
            ]
        }
    }, 
    {
        "pk": 36, 
        "model": "admin.logentry", 
        "fields": {
            "action_flag": 1, 
            "action_time": "2012-02-09 16:08:08", 
            "object_repr": "Manitoba", 
            "object_id": "4", 
            "change_message": "", 
            "user": 2, 
            "content_type": [
                "core", 
                "provincestate"
            ]
        }
    }, 
    {
        "pk": 35, 
        "model": "admin.logentry", 
        "fields": {
            "action_flag": 1, 
            "action_time": "2012-02-09 16:08:01", 
            "object_repr": "British Columbia", 
            "object_id": "3", 
            "change_message": "", 
            "user": 2, 
            "content_type": [
                "core", 
                "provincestate"
            ]
        }
    }, 
    {
        "pk": 34, 
        "model": "admin.logentry", 
        "fields": {
            "action_flag": 1, 
            "action_time": "2012-02-09 16:07:51", 
            "object_repr": "Alberta", 
            "object_id": "2", 
            "change_message": "", 
            "user": 2, 
            "content_type": [
                "core", 
                "provincestate"
            ]
        }
    }, 
    {
        "pk": 33, 
        "model": "admin.logentry", 
        "fields": {
            "action_flag": 1, 
            "action_time": "2012-02-09 16:07:00", 
            "object_repr": "United States", 
            "object_id": "2", 
            "change_message": "", 
            "user": 2, 
            "content_type": [
                "core", 
                "country"
            ]
        }
    }, 
    {
        "pk": 32, 
        "model": "admin.logentry", 
        "fields": {
            "action_flag": 2, 
            "action_time": "2012-02-09 14:47:03", 
            "object_repr": "mc", 
            "object_id": "3", 
            "change_message": "Changed last_name.", 
            "user": 2, 
            "content_type": [
                "auth", 
                "user"
            ]
        }
    }, 
    {
        "pk": 31, 
        "model": "admin.logentry", 
        "fields": {
            "action_flag": 3, 
            "action_time": "2012-02-09 04:25:10", 
            "object_repr": "Introduction To Database Management (IN)", 
            "object_id": "12", 
            "change_message": "", 
            "user": 2, 
            "content_type": [
                "core", 
                "course"
            ]
        }
    }, 
    {
        "pk": 30, 
        "model": "admin.logentry", 
        "fields": {
            "action_flag": 2, 
            "action_time": "2012-02-09 04:17:27", 
            "object_repr": "Mike C (mc)", 
            "object_id": "3", 
            "change_message": "Added badge assignment \"Mike C (mc) : True Identity\".", 
            "user": 2, 
            "content_type": [
                "core", 
                "profile"
            ]
        }
    }, 
    {
        "pk": 29, 
        "model": "admin.logentry", 
        "fields": {
            "action_flag": 2, 
            "action_time": "2012-02-09 04:14:12", 
            "object_repr": "Mike C (mc)", 
            "object_id": "3", 
            "change_message": "Changed birthday, tagline and degree. Added skill assignment \"Mike C (mc) : Porn watching\". Added encouragement \"To Mike C (mc): dsgsdfgdf...\". Added feedback \"To Mike C (mc): gsdgsdgdsg...\".", 
            "user": 3, 
            "content_type": [
                "core", 
                "profile"
            ]
        }
    }, 
    {
        "pk": 28, 
        "model": "admin.logentry", 
        "fields": {
            "action_flag": 1, 
            "action_time": "2012-02-09 04:09:30", 
            "object_repr": "Porn watching", 
            "object_id": "4", 
            "change_message": "", 
            "user": 3, 
            "content_type": [
                "core", 
                "skill"
            ]
        }
    }, 
    {
        "pk": 27, 
        "model": "admin.logentry", 
        "fields": {
            "action_flag": 2, 
            "action_time": "2012-02-09 04:08:38", 
            "object_repr": "mc", 
            "object_id": "3", 
            "change_message": "Changed is_staff and is_superuser.", 
            "user": 2, 
            "content_type": [
                "auth", 
                "user"
            ]
        }
    }, 
    {
        "pk": 26, 
        "model": "admin.logentry", 
        "fields": {
            "action_flag": 1, 
            "action_time": "2012-02-09 04:03:29", 
            "object_repr": "Software Requirements Specification & Analysis (SE 463)", 
            "object_id": "11", 
            "change_message": "", 
            "user": 2, 
            "content_type": [
                "core", 
                "course"
            ]
        }
    }, 
    {
        "pk": 25, 
        "model": "admin.logentry", 
        "fields": {
            "action_flag": 1, 
            "action_time": "2012-02-09 04:02:45", 
            "object_repr": "Introductory Psychology (PSYCH 101)", 
            "object_id": "10", 
            "change_message": "", 
            "user": 2, 
            "content_type": [
                "core", 
                "course"
            ]
        }
    }, 
    {
        "pk": 24, 
        "model": "admin.logentry", 
        "fields": {
            "action_flag": 1, 
            "action_time": "2012-02-09 04:02:22", 
            "object_repr": "Introduction to Artificial Intelligence (CS 486)", 
            "object_id": "9", 
            "change_message": "", 
            "user": 2, 
            "content_type": [
                "core", 
                "course"
            ]
        }
    }, 
    {
        "pk": 23, 
        "model": "admin.logentry", 
        "fields": {
            "action_flag": 1, 
            "action_time": "2012-02-09 04:01:47", 
            "object_repr": "Introduction to Database Management (CS 348)", 
            "object_id": "8", 
            "change_message": "", 
            "user": 2, 
            "content_type": [
                "core", 
                "course"
            ]
        }
    }, 
    {
        "pk": 22, 
        "model": "admin.logentry", 
        "fields": {
            "action_flag": 1, 
            "action_time": "2012-02-09 04:01:25", 
            "object_repr": "Concurrent & Parallel Programming (CS 343)", 
            "object_id": "7", 
            "change_message": "", 
            "user": 2, 
            "content_type": [
                "core", 
                "course"
            ]
        }
    }, 
    {
        "pk": 21, 
        "model": "admin.logentry", 
        "fields": {
            "action_flag": 3, 
            "action_time": "2012-02-09 03:57:24", 
            "object_repr": "Distributed Systems (CS 101)", 
            "object_id": "1", 
            "change_message": "", 
            "user": 2, 
            "content_type": [
                "core", 
                "course"
            ]
        }
    }, 
    {
        "pk": 20, 
        "model": "admin.logentry", 
        "fields": {
            "action_flag": 3, 
            "action_time": "2012-02-09 03:57:24", 
            "object_repr": "My Life (LIFE 101)", 
            "object_id": "2", 
            "change_message": "", 
            "user": 2, 
            "content_type": [
                "core", 
                "course"
            ]
        }
    }, 
    {
        "pk": 19, 
        "model": "admin.logentry", 
        "fields": {
            "action_flag": 2, 
            "action_time": "2012-02-08 15:33:36", 
            "object_repr": "Sean Li (sli)", 
            "object_id": "2", 
            "change_message": "Added skill assignment \"Sean Li (sli) : PHP\".", 
            "user": 2, 
            "content_type": [
                "core", 
                "profile"
            ]
        }
    }, 
    {
        "pk": 18, 
        "model": "admin.logentry", 
        "fields": {
            "action_flag": 2, 
            "action_time": "2012-02-08 15:33:22", 
            "object_repr": "Sean Li (sli)", 
            "object_id": "2", 
            "change_message": "Added skill assignment \"Sean Li (sli) : Django\". Added skill assignment \"Sean Li (sli) : Python\".", 
            "user": 2, 
            "content_type": [
                "core", 
                "profile"
            ]
        }
    }, 
    {
        "pk": 17, 
        "model": "admin.logentry", 
        "fields": {
            "action_flag": 1, 
            "action_time": "2012-02-08 15:32:23", 
            "object_repr": "PHP", 
            "object_id": "3", 
            "change_message": "", 
            "user": 2, 
            "content_type": [
                "core", 
                "skill"
            ]
        }
    }, 
    {
        "pk": 16, 
        "model": "admin.logentry", 
        "fields": {
            "action_flag": 1, 
            "action_time": "2012-02-08 15:31:11", 
            "object_repr": "Python", 
            "object_id": "2", 
            "change_message": "", 
            "user": 2, 
            "content_type": [
                "core", 
                "skill"
            ]
        }
    }, 
    {
        "pk": 15, 
        "model": "admin.logentry", 
        "fields": {
            "action_flag": 1, 
            "action_time": "2012-02-08 15:31:05", 
            "object_repr": "Django", 
            "object_id": "1", 
            "change_message": "", 
            "user": 2, 
            "content_type": [
                "core", 
                "skill"
            ]
        }
    }, 
    {
        "pk": 14, 
        "model": "admin.logentry", 
        "fields": {
            "action_flag": 2, 
            "action_time": "2012-02-08 15:04:57", 
            "object_repr": "www.mynodo.com", 
            "object_id": "1", 
            "change_message": "Changed domain and name.", 
            "user": 2, 
            "content_type": [
                "sites", 
                "site"
            ]
        }
    }, 
    {
        "pk": 13, 
        "model": "admin.logentry", 
        "fields": {
            "action_flag": 2, 
            "action_time": "2012-02-08 14:35:07", 
            "object_repr": "Sean Li (sli)", 
            "object_id": "2", 
            "change_message": "Added faculty assignment \"Sean Li (sli) : Faculty of Mathematics\". Added specialization assignment \"Sean Li (sli) : Computer Science\".", 
            "user": 2, 
            "content_type": [
                "core", 
                "profile"
            ]
        }
    }, 
    {
        "pk": 11, 
        "model": "admin.logentry", 
        "fields": {
            "action_flag": 1, 
            "action_time": "2012-02-08 14:34:10", 
            "object_repr": "Computer Science", 
            "object_id": "2", 
            "change_message": "", 
            "user": 2, 
            "content_type": [
                "core", 
                "specialization"
            ]
        }
    }, 
    {
        "pk": 10, 
        "model": "admin.logentry", 
        "fields": {
            "action_flag": 2, 
            "action_time": "2012-02-08 00:21:25", 
            "object_repr": "Sean Li (sli)", 
            "object_id": "2", 
            "change_message": "Changed birthday. Added faculty assignment \"Sean Li (sli) : Faculty of Engineering\". Added specialization assignment \"Sean Li (sli) : Software Engineering\". Added badge assignment \"Sean Li (sli) : True Identity\".", 
            "user": 2, 
            "content_type": [
                "core", 
                "profile"
            ]
        }
    }, 
    {
        "pk": 9, 
        "model": "admin.logentry", 
        "fields": {
            "action_flag": 1, 
            "action_time": "2012-02-08 00:21:14", 
            "object_repr": "True Identity", 
            "object_id": "1", 
            "change_message": "", 
            "user": 2, 
            "content_type": [
                "core", 
                "badge"
            ]
        }
    }, 
    {
        "pk": 8, 
        "model": "admin.logentry", 
        "fields": {
            "action_flag": 1, 
            "action_time": "2012-02-08 00:20:26", 
            "object_repr": "Software Engineering", 
            "object_id": "1", 
            "change_message": "", 
            "user": 2, 
            "content_type": [
                "core", 
                "specialization"
            ]
        }
    }, 
    {
        "pk": 6, 
        "model": "admin.logentry", 
        "fields": {
            "action_flag": 2, 
            "action_time": "2012-02-08 00:19:07", 
            "object_repr": "sli", 
            "object_id": "2", 
            "change_message": "Changed is_staff and is_superuser.", 
            "user": 1, 
            "content_type": [
                "auth", 
                "user"
            ]
        }
    }, 
    {
        "pk": 5, 
        "model": "admin.logentry", 
        "fields": {
            "action_flag": 1, 
            "action_time": "2012-02-08 00:12:04", 
            "object_repr": "University of Waterloo", 
            "object_id": "1", 
            "change_message": "", 
            "user": 1, 
            "content_type": [
                "core", 
                "institute"
            ]
        }
    }, 
    {
        "pk": 4, 
        "model": "admin.logentry", 
        "fields": {
            "action_flag": 1, 
            "action_time": "2012-02-08 00:11:57", 
            "object_repr": "Ontario", 
            "object_id": "1", 
            "change_message": "", 
            "user": 1, 
            "content_type": [
                "core", 
                "provincestate"
            ]
        }
    }, 
    {
        "pk": 3, 
        "model": "admin.logentry", 
        "fields": {
            "action_flag": 1, 
            "action_time": "2012-02-08 00:11:56", 
            "object_repr": "Canada", 
            "object_id": "1", 
            "change_message": "", 
            "user": 1, 
            "content_type": [
                "core", 
                "country"
            ]
        }
    }, 
    {
        "pk": 2, 
        "model": "admin.logentry", 
        "fields": {
            "action_flag": 1, 
            "action_time": "2012-02-08 00:06:09", 
            "object_repr": "Sean Li (lisean)", 
            "object_id": "1", 
            "change_message": "", 
            "user": 1, 
            "content_type": [
                "core", 
                "profile"
            ]
        }
    }, 
    {
        "pk": 1, 
        "model": "admin.logentry", 
        "fields": {
            "action_flag": 2, 
            "action_time": "2012-02-08 00:04:15", 
            "object_repr": "lisean", 
            "object_id": "1", 
            "change_message": "Changed first_name and last_name.", 
            "user": 1, 
            "content_type": [
                "auth", 
                "user"
            ]
        }
    }
]